Town,Neighborhood,tract
,,3301
,,4001
,,4002
,,4003
Bristol,,4051
Bristol,,4052
Bristol,,4053
Bristol,,4054.01
Bristol,,4054.02
Bristol,,4055
Bristol,,4056
Bristol,,4057
Bristol,,4058
Bristol,,4059
Bristol,,4060.01
Bristol,,4060.02
Bristol,,4061
,,4101.01
,,4101.02
New Britain,,4153
New Britain,,4154
New Britain,,4155
New Britain,,4156
New Britain,,4157
New Britain,,4158
New Britain,,4159
New Britain,,4160
New Britain,,4161
New Britain,,4162
New Britain,,4163
New Britain,,4164
New Britain,,4165
New Britain,,4166
New Britain,,4167
New Britain,,4168
New Britain,,4171
New Britain,,4172
New Britain,,4173
New Britain,,4174
New Britain,,4175
,,4204
,,4205
,,4206
,,4207
,,4301
,,4302.01
,,4302.02
,,4302.03
,,4303.01
,,4303.02
,,4304
,,4305
,,4306.01
,,4306.02
Farmington,,4601
Farmington,,4602.02
Farmington,,4602.03
Farmington,,4602.04
Farmington,,4603.01
Farmington,,4603.02
Avon,,4621.01
Avon,,4621.02
Avon,,4622.01
Avon,,4622.02
Canton,,4641.01
Canton,,4641.02
Simsbury,,4661.01
Simsbury,,4661.02
Simsbury,,4662.01
Simsbury,,4662.02
Simsbury,,4663
Simsbury,,4664
Granby,,4681.01
Granby,,4681.02
East Granby,,4701
Bloomfield,,4711
Bloomfield,,4712
Bloomfield,,4713
Bloomfield,,4714
Bloomfield,,4715
Windsor,,4731
Windsor,,4734
Windsor,,4735.01
Windsor,,4735.02
Windsor,,4736.01
Windsor,,4736.02
Windsor,,4737
Windsor,,4738
Windsor Locks,,4761
Windsor Locks,,4762
Windsor Locks,,4763
Suffield,,4771.01
Suffield,,4771.02
Suffield,,4772
Enfield,,4803
Enfield,,4804
Enfield,,4805
Enfield,,4806
Enfield,,4807
Enfield,,4808
Enfield,,4809
Enfield,,4810
Enfield,,4811
Enfield,,4812
Enfield,,4813
East Windsor,,4841
East Windsor,,4842
South Windsor,,4871
South Windsor,,4872.01
South Windsor,,4872.02
South Windsor,,4873
South Windsor,,4874
South Windsor,,4875
Rocky Hill,,4901
Rocky Hill,,4903.02
Wethersfield,,4921
Wethersfield,,4922
Wethersfield,,4923
Wethersfield,,4924
Wethersfield,,4925
Wethersfield,,4926
Newington,,4941
Newington,,4942.01
Newington,,4942.02
Newington,,4943
Newington,,4944
Newington,,4945
Newington,,4946
West Hartford,,4961
West Hartford,,4962
West Hartford,,4963
West Hartford,,4964
West Hartford,,4965
West Hartford,,4966
West Hartford,,4967
West Hartford,,4968
West Hartford,,4969
West Hartford,,4970
West Hartford,,4971
West Hartford,,4972
West Hartford,,4973
West Hartford,,4974
West Hartford,,4975
West Hartford,,4976
West Hartford,,4977
Hartford,Barry Square,5001
Hartford,Barry Square,5002
Hartford,South Green,5003
Hartford,Sheldon Charter Oak,5004
Hartford,Sheldon Charter Oak,5005
Hartford,North Meadows,5007
Hartford,Clay Arsenal,5009
Hartford,Northeast,5010
Hartford,Northeast,5011
Hartford,Northeast,5012
Hartford,Northeast,5013
Hartford,Upper Albany,5014
Hartford,Northeast,5015
Hartford,Clay Arsenal,5017
Hartford,Clay Arsenal,5018
Hartford,Downtown,5021
Hartford,South End,5023
Hartford,South End,5024
Hartford,South End,5025
Hartford,Barry Square,5026
Hartford,Barry Square,5027
Hartford,Frog Hollow,5028
Hartford,Frog Hollow,5029
Hartford,Frog Hollow,5030
Hartford,Asylum Hill,5031
Hartford,Asylum Hill,5032
Hartford,Asylum Hill,5033
Hartford,Asylum Hill,5034
Hartford,Upper Albany,5035
Hartford,West End,5036
Hartford,Upper Albany,5037
Hartford,Blue Hills,5038
Hartford,Blue Hills,5039
Hartford,Blue Hills,5040
Hartford,Parkville,5041
Hartford,West End,5042
Hartford,Parkville,5043
Hartford,West End,5044
Hartford,Behind the Rocks,5045
Hartford,Behind the Rocks,5046
Hartford,Southwest,5047
Hartford,Southwest,5048
Hartford,Behind the Rocks,5049
East Hartford,,5101
East Hartford,,5102
East Hartford,,5103
East Hartford,,5104
East Hartford,,5105
East Hartford,,5106
East Hartford,,5107
East Hartford,,5108
East Hartford,,5109
East Hartford,,5110
East Hartford,,5111
East Hartford,,5112
East Hartford,,5113
East Hartford,,5114
Manchester,,5141.01
Manchester,,5141.02
Manchester,,5142
Manchester,,5143
Manchester,,5144
Manchester,,5145
Manchester,,5146
Manchester,,5147
Manchester,,5148
Manchester,,5149
Manchester,,5150
Manchester,,5151.01
Manchester,,5151.02
Manchester,,5152
Glastonbury,,5201
Glastonbury,,5202.01
Glastonbury,,5202.02
Glastonbury,,5203.01
Glastonbury,,5203.02
Glastonbury,,5204
Glastonbury,,5205.01
Marlborough,,5241
Rocky Hill,,5242
Enfield,,5243
,,5244
,,5245.01
,,5245.02
,,5246
,,5247
Hebron,,5261.01
Hebron,,5261.02
Andover,,5281
Bolton,,5291
Vernon,,5301
Vernon,,5302
Vernon,,5303.01
Vernon,,5303.02
Vernon,,5304
Vernon,,5305
Vernon,,5306
Tolland,,5331.01
Tolland,,5331.02
Ellington,,5351
Ellington,,5352
Somers,,5381
Somers,,5382.01
Somers,,5382.02
,,8401
,,8501
,,8502
,,8601
,,8811
,,8812
,,8813
,,8815
Stafford,,8901
Stafford,,8902.01
Stafford,,8902.02
Windsor Locks,,9800
